{
  "files": [
    {
      "path": "./dist/css/bootstrap-grid.css",
      "maxSize": "8.25 kB"
    },
    {
      "path": "./dist/css/bootstrap-grid.min.css",
      "maxSize": "7.5 kB"
    },
    {
      "path": "./dist/css/bootstrap-reboot.css",
      "maxSize": "3.5 kB"
    },
    {
      "path": "./dist/css/bootstrap-reboot.min.css",
      "maxSize": "3.25 kB"
    },
    {
      "path": "./dist/css/bootstrap-utilities.css",
      "maxSize": "10.75 kB"
    },
    {
      "path": "./dist/css/bootstrap-utilities.min.css",
      "maxSize": "10.0 kB"
    },
    {
      "path": "./dist/css/bootstrap.css",
      "maxSize": "31.5 kB"
    },
    {
      "path": "./dist/css/bootstrap.min.css",
      "maxSize": "29.5 kB"
    },
    {
      "path": "./dist/js/bootstrap.bundle.js",
      "maxSize": "43.0 kB"
    },
    {
      "path": "./dist/js/bootstrap.bundle.min.js",
      "maxSize": "23.0 kB"
    },
    {
      "path": "./dist/js/bootstrap.esm.js",
      "maxSize": "28.0 kB"
    },
    {
      "path": "./dist/js/bootstrap.esm.min.js",
      "maxSize": "18.25 kB"
    },
    {
      "path": "./dist/js/bootstrap.js",
      "maxSize": "28.75 kB"
    },
    {
      "path": "./dist/js/bootstrap.min.js",
      "maxSize": "16.0 kB"
    }
  ],
  "ci": {
    "trackBranches": [
      "main",
      "v4-dev"
    ]
  }
}